{"name":"a4382ec7-d88a-4e94-87ff-8ac3a64a04ce","id":"/providers/Microsoft.Flow/flows/a4382ec7-d88a-4e94-87ff-8ac3a64a04ce","type":"Microsoft.Flow/flows","properties":{"apiId":"/providers/Microsoft.PowerApps/apis/shared_logicflows","displayName":"CONSULTA_CNPJ_RECEITA_ATIVO","definition":{"metadata":{"workflowEntityId":null,"processAdvisorMetadata":null,"flowChargedByPaygo":null,"flowclientsuspensionreason":"None","flowclientsuspensiontime":null,"flowclientsuspensionreasondetails":"","creator":{"id":"08df73c3-3b67-427b-b8e8-6f5bc2a4f209","type":"User","tenantId":"dfe9dc81-a2dc-4a00-8bf7-a781987e9811"},"provisioningMethod":"FromDefinition","failureAlertSubscription":true,"clientLastModifiedTime":"2025-06-02T11:15:53.3024431Z","connectionKeySavedTimeKey":"2025-05-12T09:42:01.9455582Z","creationSource":null},"$schema":"https://schema.management.azure.com/providers/Microsoft.Logic/schemas/2016-06-01/workflowdefinition.json#","contentVersion":"1.0.0.0","parameters":{"$connections":{"defaultValue":{},"type":"Object"},"$authentication":{"defaultValue":{},"type":"SecureObject"}},"triggers":{"Recurrence":{"recurrence":{"frequency":"Minute","interval":90,"startTime":"2022-02-16T13:00:00.000Z"},"metadata":{"operationMetadataId":"b1e75b77-9274-4af7-afbb-f5e6bb51827f"},"type":"Recurrence"}},"actions":{"Listar_linhas_presentes_em_uma_tabela":{"runAfter":{},"metadata":{"01R2ERAZZSSXPSAWSZ5FH2Y774MSQPQ4JE":"/App Financeiro/Finance/CONSULTA_CNPJ_RECEITA.xlsx","operationMetadataId":"3804c78a-770e-4c54-a794-85c0931600fc","tableId":"{C4FB6570-AF82-430E-9635-60CF35908063}","01DITUBDHXS36YYPERRNCKZR35LJBJP3UL":"/Cadastro_Cliente/CONSULTA_CNPJ_RECEITA.xlsx","01DITUBDHMLPJ6LKJC2ZDZIFJBCL3CJ6CR":"/Cadastro_Cliente/consulta_receita v2.xlsx"},"type":"OpenApiConnection","inputs":{"host":{"apiId":"/providers/Microsoft.PowerApps/apis/shared_excelonlinebusiness","connectionName":"shared_excelonlinebusiness_2","operationId":"GetItems"},"parameters":{"source":"groups/a5913e78-08de-4c25-87e9-3579d8cab899","drive":"b!lIOLZgwDMUe00XCQRefClu8ojBEFSghLpEP9HhSPA0aWi496wiTTSpNdP9XYb944","file":"01DITUBDHMLPJ6LKJC2ZDZIFJBCL3CJ6CR","table":"{C4FB6570-AF82-430E-9635-60CF35908063}","$filter":"TESTE eq 1"},"authentication":"@parameters('$authentication')"}},"Aplicar_a_cada":{"foreach":"@outputs('Listar_linhas_presentes_em_uma_tabela')?['body/value']","actions":{"HTTP":{"runAfter":{},"metadata":{"operationMetadataId":"c3948a46-cb43-4924-a4ee-ccfb091800cd"},"type":"Http","inputs":{"method":"GET","uri":"https://receitaws.com.br/v1/cnpj/@{items('Aplicar_a_cada')?['CNPJ']}"}},"Analisar_JSON":{"runAfter":{"HTTP":["Succeeded"]},"metadata":{"operationMetadataId":"3fae38c3-079d-46ec-90c9-92eddd014475"},"type":"ParseJson","inputs":{"content":"@body('HTTP')","schema":{"type":"object","properties":{"atividade_principal":{"type":"array","items":{"type":"object","properties":{"text":{"type":"string"},"code":{"type":"string"}},"required":["text","code"]}},"data_situacao":{"type":"string"},"tipo":{"type":"string"},"nome":{"type":"string"},"uf":{"type":"string"},"telefone":{"type":"string"},"email":{"type":"string"},"atividades_secundarias":{"type":"array","items":{"type":"object","properties":{"text":{"type":"string"},"code":{"type":"string"}},"required":["text","code"]}},"qsa":{"type":"array","items":{"type":"object","properties":{"qual":{"type":"string"},"nome":{"type":"string"},"qual_rep_legal":{"type":"string"},"nome_rep_legal":{"type":"string"}},"required":["qual","nome"]}},"situacao":{"type":"string"},"bairro":{"type":"string"},"logradouro":{"type":"string"},"numero":{"type":"string"},"cep":{"type":"string"},"municipio":{"type":"string"},"porte":{"type":"string"},"abertura":{"type":"string"},"natureza_juridica":{"type":"string"},"cnpj":{"type":"string"},"ultima_atualizacao":{"type":"string"},"status":{"type":"string"},"fantasia":{"type":"string"},"complemento":{"type":"string"},"efr":{"type":"string"},"motivo_situacao":{"type":"string"},"situacao_especial":{"type":"string"},"data_situacao_especial":{"type":"string"},"capital_social":{"type":"string"},"extra":{"type":"object","properties":{}},"billing":{"type":"object","properties":{"free":{"type":"boolean"},"database":{"type":"boolean"}}}}}}},"Atraso":{"runAfter":{"Aplicar_a_cada_2":["Succeeded"]},"metadata":{"operationMetadataId":"d36d4190-1aa3-4cc2-9d03-0a1902bf609e"},"type":"Wait","inputs":{"interval":{"count":30,"unit":"Second"}}},"Compor":{"runAfter":{"Analisar_JSON":["Succeeded"]},"metadata":{"operationMetadataId":"9182db67-42ba-4d2a-b502-3560bab4320e"},"type":"Compose","inputs":"@body('Analisar_JSON')?['atividade_principal']"},"Analisar_JSON_2":{"runAfter":{"Compor":["Succeeded"]},"metadata":{"operationMetadataId":"77697465-c3c0-4b0b-abae-a1578a9d5c81"},"type":"ParseJson","inputs":{"content":"@outputs('Compor')","schema":{"type":"array","items":{"type":"object","properties":{"text":{"type":"string"},"code":{"type":"string"}},"required":["text","code"]}}}},"Aplicar_a_cada_2":{"foreach":"@body('Analisar_JSON_2')","actions":{"Atualizar_uma_linha":{"runAfter":{},"metadata":{"01R2ERAZZSSXPSAWSZ5FH2Y774MSQPQ4JE":"/App Financeiro/Finance/CONSULTA_CNPJ_RECEITA.xlsx","operationMetadataId":"fed9a895-e610-435f-9b5b-8f15d0ccfa8d","tableId":"{C4FB6570-AF82-430E-9635-60CF35908063}","01DITUBDHXS36YYPERRNCKZR35LJBJP3UL":"/Cadastro_Cliente/CONSULTA_CNPJ_RECEITA.xlsx","01DITUBDHMLPJ6LKJC2ZDZIFJBCL3CJ6CR":"/Cadastro_Cliente/consulta_receita v2.xlsx"},"type":"OpenApiConnection","inputs":{"host":{"apiId":"/providers/Microsoft.PowerApps/apis/shared_excelonlinebusiness","connectionName":"shared_excelonlinebusiness_2","operationId":"PatchItem"},"parameters":{"source":"groups/a5913e78-08de-4c25-87e9-3579d8cab899","drive":"b!lIOLZgwDMUe00XCQRefClu8ojBEFSghLpEP9HhSPA0aWi496wiTTSpNdP9XYb944","file":"01DITUBDHMLPJ6LKJC2ZDZIFJBCL3CJ6CR","table":"{C4FB6570-AF82-430E-9635-60CF35908063}","idColumn":"CNPJ","id":"@items('Aplicar_a_cada')?['CNPJ']","item/TESTE":"2","item/DT_CONSULTA":"@formatDateTime (utcNow (), 'MM-dd-yyyy HH:mm')","item/NOME":"@body('Analisar_JSON')?['nome']","item/DT_ABERTURA":"@body('Analisar_JSON')?['abertura']","item/SITUACAO":"@body('Analisar_JSON')?['situacao']","item/NAT_JURIDICA":"@body('Analisar_JSON')?['natureza_juridica']","item/CAPITAL":"@body('Analisar_JSON')?['capital_social']","item/CNAE":"@{items('Aplicar_a_cada_2')['code']};@{items('Aplicar_a_cada_2')['text']}","item/CONTATO":"@body('Analisar_JSON')?['telefone']","item/EMAIL":"@body('Analisar_JSON')?['email']","item/ENDERECO":"@{body('Analisar_JSON')?['logradouro']}; @{body('Analisar_JSON')?['numero']} ;@{body('Analisar_JSON')?['municipio']}; @{body('Analisar_JSON')?['bairro']}; @{body('Analisar_JSON')?['complemento']}; @{body('Analisar_JSON')?['cep']}; @{body('Analisar_JSON')?['uf']}","item/DT_VERSAO_RECEITA":"@body('Analisar_JSON')?['ultima_atualizacao']","item/LIMITE_KIAN":"@\r\nbody('Analisar_JSON')?['atividades_secundarias']"},"authentication":"@parameters('$authentication')"}}},"runAfter":{"Analisar_JSON_2":["Succeeded"]},"metadata":{"operationMetadataId":"ddfb6a1f-e7fe-4fef-9ee7-0440fa82ce59"},"type":"Foreach","runtimeConfiguration":{"concurrency":{"repetitions":50}}}},"runAfter":{"Listar_linhas_presentes_em_uma_tabela":["Succeeded"]},"metadata":{"operationMetadataId":"072e4d5e-fe4d-4443-a5b1-45507159e236"},"type":"Foreach","runtimeConfiguration":{"concurrency":{"repetitions":50}}}}},"connectionReferences":{"shared_excelonlinebusiness_2":{"connectionName":"shared-excelonlinebu-55b890c2-efae-4532-8b15-baa82220d49f","source":"Embedded","id":"/providers/Microsoft.PowerApps/apis/shared_excelonlinebusiness","tier":"NotSpecified","apiName":"excelonlinebusiness","isProcessSimpleApiReferenceConversionAlreadyDone":false}},"flowFailureAlertSubscribed":false,"isManaged":false}}